id,separationtype,cease_date,dete_start_date,role_start_date,position,classification,region,business_unit,employment_status,career_move_to_public_sector,career_move_to_private_sector,interpersonal_conflicts,job_dissatisfaction,dissatisfaction_with_the_department,physical_work_environment,lack_of_recognition,lack_of_job_security,work_location,employment_conditions,maternity/family,relocation,study/travel,ill_health,traumatic_incident,work_life_balance,workload,none_of_the_above,gender,age,aboriginal,torres_strait,south_sea,disability,nesb,cease_year,institute_service,institute
4,Resignation-Other reasons,05/2012,2005.0,2006.0,Teacher,Primary,Central Queensland,,Permanent Full-time,False,True,False,False,False,False,False,False,False,False,False,False,False,False,False,False,False,False,Female,36-40,,,,,,2012.0,15460 days 23:59:59.999997995,DETE
6,Resignation-Other reasons,05/2012,1994.0,1997.0,Guidance Officer,,Central Office,Education Queensland,Permanent Full-time,False,True,False,False,False,False,False,False,False,True,True,False,False,False,False,False,False,False,Female,41-45,,,,,,2012.0,15460 days 23:59:59.999998006,DETE
9,Resignation-Other reasons,07/2012,2009.0,2009.0,Teacher,Secondary,North Queensland,,Permanent Full-time,False,True,False,False,False,False,False,False,False,False,False,False,False,False,False,False,False,False,Female,31-35,,,,,,2012.0,15521 days 23:59:59.999997991,DETE
10,Resignation-Other employer,2012,1997.0,2008.0,Teacher Aide,,,,Permanent Part-time,False,False,True,True,True,False,False,False,False,False,False,False,False,False,False,False,False,False,Female,46-50,,,,,,2012.0,15339 days 23:59:59.999998003,DETE
12,Resignation-Move overseas/interstate,2012,2009.0,2009.0,Teacher,Secondary,Far North Queensland,,Permanent Full-time,False,False,False,False,False,False,False,False,False,False,True,True,False,False,False,False,False,False,Male,31-35,,,,,,2012.0,15339 days 23:59:59.999997991,DETE
13,Resignation-Other reasons,2012,1998.0,1998.0,Teacher,Primary,Far North Queensland,,Permanent Full-time,False,False,False,False,False,False,False,False,False,False,True,False,False,False,False,False,False,False,Female,36-40,,,,,,2012.0,15339 days 23:59:59.999998002,DETE
15,Resignation-Other employer,2012,2007.0,2010.0,Teacher,Secondary,Central Queensland,,Permanent Full-time,False,False,False,True,True,False,False,False,False,False,False,False,False,False,False,False,False,False,Male,31-35,,,,,,2012.0,15339 days 23:59:59.999997993,DETE
17,Resignation-Other reasons,2012,,,Teacher Aide,,South East,,Permanent Part-time,False,False,False,False,False,False,True,False,False,False,False,True,False,False,False,False,False,False,Male,61 or older,,,,,,2012.0,,DETE
21,Resignation-Other employer,2012,1982.0,1982.0,Teacher,Secondary,Central Queensland,,Permanent Full-time,False,False,False,False,False,False,False,False,False,False,False,False,False,False,False,False,False,True,Male,56-60,,,,,,2012.0,15339 days 23:59:59.999998018,DETE
22,Resignation-Other reasons,2012,1980.0,2009.0,Cleaner,,Darling Downs South West,,Permanent Part-time,False,False,True,False,False,False,False,False,False,False,False,False,False,False,False,False,False,False,Female,51-55,,,,,,2012.0,15339 days 23:59:59.999998020,DETE
23,Resignation-Other reasons,2012,1997.0,1998.0,School Administrative Staff,,Metropolitan,,Permanent Part-time,False,False,False,False,True,False,True,False,False,False,False,False,False,False,False,True,False,False,Female,46-50,,,,,,2012.0,15339 days 23:59:59.999998003,DETE
24,Resignation-Other reasons,2012,1973.0,2012.0,Teacher,Primary,North Queensland,,Permanent Full-time,False,False,False,True,False,False,False,False,True,False,True,False,False,False,False,True,False,False,Female,61 or older,,,,,,2012.0,15339 days 23:59:59.999998027,DETE
26,Resignation-Other reasons,2012,1995.0,2002.0,Teacher,Primary,South East,,Permanent Part-time,False,False,False,False,False,False,False,False,False,False,False,False,False,False,False,True,False,False,Female,41-45,,,,,,2012.0,15339 days 23:59:59.999998005,DETE
28,Resignation-Other employer,2012,2005.0,2011.0,Public Servant,AO5-AO7,Central Office,Information and Technologies,Permanent Full-time,True,False,False,False,False,False,False,False,False,False,False,False,False,False,False,False,False,False,Female,21-25,Yes,,,,,2012.0,15339 days 23:59:59.999997995,DETE
34,Resignation-Other reasons,2012,2003.0,2003.0,Teacher,Secondary,,,Permanent Full-time,False,False,True,False,False,False,True,False,False,False,False,False,False,False,True,False,False,False,Male,36-40,,,,Yes,,2012.0,15339 days 23:59:59.999997997,DETE
35,Resignation-Other reasons,2012,2006.0,2009.0,Cleaner,,Central Office,Education Queensland,Permanent Part-time,False,False,False,False,False,False,False,False,False,False,False,False,False,False,False,True,False,False,Male,61 or older,,,,,,2012.0,15339 days 23:59:59.999997994,DETE
38,Resignation-Other reasons,2012,2011.0,2011.0,Teacher Aide,,Central Queensland,,Temporary Part-time,False,False,False,False,False,False,False,False,False,False,False,False,False,False,False,False,False,True,Female,21-25,,,,,,2012.0,15339 days 23:59:59.999997989,DETE
40,Resignation-Move overseas/interstate,2012,,,Teacher,,Central Queensland,,Permanent Full-time,False,False,False,True,False,False,True,False,False,True,False,False,False,False,False,True,False,False,Female,21-25,,,,,,2012.0,,DETE
41,Resignation-Other employer,2012,1977.0,1980.0,Teacher,Primary,South East,,Permanent Full-time,True,False,False,False,False,False,False,False,False,False,False,False,False,False,False,False,False,False,Male,56-60,,,,,,2012.0,15339 days 23:59:59.999998023,DETE
42,Resignation-Other reasons,2012,1974.0,1994.0,Head of Curriculum/Head of Special Education,,Metropolitan,,Permanent Full-time,False,False,True,False,False,False,False,False,False,False,False,False,False,False,False,True,False,False,Female,51-55,,,,,,2012.0,15339 days 23:59:59.999998026,DETE
43,Resignation-Move overseas/interstate,2012,2011.0,2011.0,Cleaner,,North Coast,,Permanent Part-time,False,False,False,False,False,False,False,False,False,False,False,False,False,False,False,False,False,True,Female,41-45,,,,,,2012.0,15339 days 23:59:59.999997989,DETE
44,Resignation-Other reasons,2012,1976.0,1976.0,Teacher,Primary,North Coast,,Permanent Full-time,False,False,False,True,False,False,False,False,False,False,False,False,False,False,False,True,True,False,Male,51-55,,,,,,2012.0,15339 days 23:59:59.999998024,DETE
49,Resignation-Move overseas/interstate,2012,2009.0,2010.0,Cleaner,,South East,,Permanent Full-time,False,False,False,False,False,False,False,False,False,False,False,True,False,False,False,False,False,False,Male,21-25,,,,,,2012.0,15339 days 23:59:59.999997991,DETE
51,Resignation-Move overseas/interstate,2012,2009.0,2010.0,Cleaner,,South East,,Permanent Full-time,False,False,False,False,False,False,False,False,False,False,False,True,False,False,False,False,False,False,Male,21-25,,,,,,2012.0,15339 days 23:59:59.999997991,DETE
52,Resignation-Other reasons,2012,1993.0,1993.0,Cleaner,,South East,,Permanent Full-time,False,False,False,False,False,False,False,False,False,False,False,False,False,False,False,False,False,True,Female,61 or older,,,,,,2012.0,15339 days 23:59:59.999998007,DETE
56,Resignation-Other employer,2012,2008.0,2008.0,Teacher Aide,,Metropolitan,,Permanent Part-time,False,False,False,False,False,False,False,False,False,False,False,False,False,False,False,False,False,True,Female,26-30,,,,,,2012.0,15339 days 23:59:59.999997992,DETE
58,Resignation-Other employer,2012,2003.0,2012.0,Teacher,Secondary,Darling Downs South West,,Permanent Full-time,False,True,False,False,False,False,False,False,False,False,False,False,False,False,False,False,False,False,Male,46-50,,,,,,2012.0,15339 days 23:59:59.999997997,DETE
62,Resignation-Other reasons,2012,2011.0,2011.0,Schools Officer,,Central Queensland,,Temporary Part-time,False,False,False,False,False,False,False,False,False,False,False,True,False,False,False,False,False,False,Female,31-35,,,,,,2012.0,15339 days 23:59:59.999997989,DETE
70,Resignation-Other reasons,2012,2006.0,,Public Servant,AO5-AO7,Central Office,Information and Technologies,Permanent Full-time,False,False,False,True,False,False,False,False,True,False,False,False,False,False,False,False,False,False,Female,36-40,,,,,,2012.0,15339 days 23:59:59.999997994,DETE
72,Resignation-Other reasons,2012,2011.0,2011.0,Teacher Aide,,Far North Queensland,,Permanent Part-time,False,False,False,False,False,False,False,False,False,False,False,True,False,False,False,False,False,False,Female,36-40,,,,,,2012.0,15339 days 23:59:59.999997989,DETE
88,Resignation-Move overseas/interstate,2012,2007.0,2007.0,Teacher,Secondary,Central Queensland,,Permanent Full-time,False,False,False,False,False,False,False,False,False,False,False,True,True,False,False,False,False,False,Female,26-30,,,,,,2012.0,15339 days 23:59:59.999997993,DETE
91,Resignation-Other employer,2012,1986.0,1986.0,Teacher Aide,,North Coast,,Permanent Part-time,True,False,False,False,False,False,False,False,False,False,False,False,False,False,False,False,False,False,Female,41-45,,,,,,2012.0,15339 days 23:59:59.999998014,DETE
94,Resignation-Move overseas/interstate,2012,2002.0,2002.0,Teacher,Secondary,South East,,Permanent Full-time,False,False,False,True,False,False,True,False,False,False,False,False,False,False,False,True,False,False,Female,41-45,,,,,,2012.0,15339 days 23:59:59.999997998,DETE
100,Resignation-Move overseas/interstate,2012,2011.0,2011.0,Teacher,Secondary,Darling Downs South West,,Permanent Full-time,False,False,False,False,False,False,False,False,False,False,True,False,False,False,False,True,False,False,Male,31-35,,,,,,2012.0,15339 days 23:59:59.999997989,DETE
101,Resignation-Other reasons,2012,2006.0,2008.0,Teacher Aide,,,,Permanent Part-time,False,False,False,True,True,False,False,False,False,False,False,False,False,False,False,True,False,False,Female,36-40,,,,,,2012.0,15339 days 23:59:59.999997994,DETE
103,Resignation-Other reasons,2012,2002.0,2007.0,Teacher,Primary,Darling Downs South West,,Permanent Part-time,False,False,False,False,False,False,False,False,False,False,False,False,False,False,False,False,False,True,Female,51-55,,,,,,2012.0,15339 days 23:59:59.999997998,DETE
104,Resignation-Other reasons,2012,2004.0,2008.0,,,Metropolitan,,Permanent Part-time,False,False,False,True,True,False,True,False,False,False,False,False,False,False,False,False,False,False,Female,51-55,,,,,,2012.0,15339 days 23:59:59.999997996,DETE
107,Resignation-Other reasons,2012,,,Teacher Aide,,Central Office,Training and Tertiary Education Queensland,Temporary Part-time,False,False,False,False,False,False,False,True,False,True,False,False,False,False,False,True,False,False,Female,46-50,,,Yes,,,2012.0,,DETE
109,Resignation-Other reasons,2012,2008.0,2009.0,Technical Officer,,Central Queensland,,Permanent Part-time,False,False,False,False,False,False,False,False,False,False,False,False,False,False,False,False,False,False,Female,31-35,,,,,,2012.0,15339 days 23:59:59.999997992,DETE
112,Resignation-Other reasons,2012,2004.0,2004.0,Teacher,Special Education,Far North Queensland,,Permanent Full-time,True,False,False,False,False,False,False,False,False,False,False,False,False,False,False,False,False,False,Female,26-30,,,,,,2012.0,15339 days 23:59:59.999997996,DETE
113,Resignation-Other reasons,2012,2007.0,2007.0,Cleaner,,North Queensland,,Permanent Part-time,False,False,False,False,False,True,False,False,False,False,False,False,False,False,False,False,False,False,Female,56-60,,,,,,2012.0,15339 days 23:59:59.999997993,DETE
115,Resignation-Move overseas/interstate,2012,1997.0,2004.0,Guidance Officer,,Darling Downs South West,,Permanent Full-time,False,False,False,False,True,False,False,False,False,False,False,False,False,False,False,False,False,False,Female,41-45,,,,,,2012.0,15339 days 23:59:59.999998003,DETE
117,Resignation-Other reasons,2012,1976.0,1976.0,,,South East,,Permanent Full-time,False,False,True,False,True,False,True,False,False,False,False,False,False,False,False,False,False,False,Male,56-60,,,,,,2012.0,15339 days 23:59:59.999998024,DETE
119,Resignation-Other employer,2012,2010.0,2010.0,Teacher,Secondary,,,Permanent Full-time,True,False,False,False,False,False,False,False,False,False,False,False,False,False,False,True,True,False,Female,46-50,,,,,,2012.0,15339 days 23:59:59.999997990,DETE
125,Resignation-Other employer,2012,2012.0,2012.0,Public Servant,A01-A04,Darling Downs South West,,Permanent Part-time,False,True,False,False,False,True,False,False,False,True,False,False,False,False,False,False,False,False,Female,36-40,,,,,,2012.0,15339 days 23:59:59.999997988,DETE
127,Resignation-Other reasons,2012,1980.0,1989.0,Teacher,Secondary,South East,,Permanent Full-time,False,False,False,True,True,False,False,False,False,False,False,False,False,False,False,False,False,False,Male,51-55,,,,,,2012.0,15339 days 23:59:59.999998020,DETE
131,Resignation-Other employer,2012,2012.0,2012.0,Public Servant,AO5-AO7,Central Office,Information and Technologies,Temporary Full-time,True,False,False,True,False,False,False,True,False,False,False,False,False,False,False,False,False,False,Male,51-55,,,,,,2012.0,15339 days 23:59:59.999997988,DETE
133,Resignation-Other reasons,2012,2007.0,2010.0,Cleaner,,North Queensland,,Permanent Part-time,False,False,False,False,False,False,False,False,False,False,False,False,False,False,False,True,False,False,Female,41-45,,,,,,2012.0,15339 days 23:59:59.999997993,DETE
136,Resignation-Other reasons,2012,1994.0,1994.0,Teacher Aide,,Metropolitan,,Permanent Part-time,False,False,False,False,False,False,False,False,False,False,False,False,False,False,False,True,False,False,Female,56-60,,,,,,2012.0,15339 days 23:59:59.999998006,DETE
139,Resignation-Other employer,2012,2004.0,2005.0,Teacher Aide,,Darling Downs South West,,Permanent Part-time,False,True,False,False,False,False,False,False,False,False,False,False,False,False,False,False,False,False,Female,41-45,,,,,,2012.0,15339 days 23:59:59.999997996,DETE
141,Resignation-Other employer,2012,,,Teacher Aide,,Metropolitan,,Permanent Part-time,False,True,False,False,False,False,False,False,False,False,False,False,False,False,False,False,False,False,Female,51-55,,,,,,2012.0,,DETE
146,Resignation-Other reasons,2012,2007.0,2007.0,Cleaner,,,,Permanent Part-time,False,False,False,False,False,False,False,False,False,False,False,False,False,True,False,False,False,False,Male,61 or older,,,,,,2012.0,15339 days 23:59:59.999997993,DETE
148,Resignation-Other employer,2012,2003.0,2003.0,Public Servant,A01-A04,Metropolitan,,Permanent Full-time,False,True,False,False,False,False,False,True,False,True,False,False,False,False,False,False,False,False,Male,26-30,,,,,,2012.0,15339 days 23:59:59.999997997,DETE
159,Resignation-Other employer,2012,2011.0,2011.0,Public Servant,A01-A04,Central Office,Other,Temporary Part-time,True,False,False,False,False,False,False,False,False,False,False,False,False,False,False,False,False,False,Male,21-25,,,,,,2012.0,15339 days 23:59:59.999997989,DETE
161,Resignation-Other reasons,2012,2003.0,2003.0,Cleaner,,South East,,Permanent Part-time,False,False,False,False,False,False,True,False,False,False,False,False,False,False,False,False,False,False,Female,41-45,,,,,,2012.0,15339 days 23:59:59.999997997,DETE
165,Resignation-Other employer,2012,2005.0,2009.0,Teacher Aide,,Central Queensland,,Permanent Full-time,False,True,False,False,False,False,False,False,False,False,False,False,False,False,False,True,False,False,Female,41-45,,,,,,2012.0,15339 days 23:59:59.999997995,DETE
180,Resignation-Other reasons,2012,2012.0,2012.0,Cleaner,,Central Queensland,,Permanent Full-time,False,False,False,False,False,False,False,False,False,False,False,False,False,False,False,True,False,False,Female,36-40,,,,,,2012.0,15339 days 23:59:59.999997988,DETE
184,Resignation-Other reasons,2012,1998.0,1998.0,Cleaner,,Far North Queensland,,Permanent Part-time,False,False,False,False,False,False,False,False,False,False,False,False,False,False,False,True,False,False,Female,61 or older,,,Yes,,,2012.0,15339 days 23:59:59.999998002,DETE
186,Resignation-Other reasons,2012,2005.0,2005.0,Cleaner,,,,Permanent Part-time,False,False,False,False,False,False,False,False,False,False,True,False,False,False,False,True,False,False,Female,31-35,,,,,,2012.0,15339 days 23:59:59.999997995,DETE
190,Resignation-Other employer,2012,2006.0,2007.0,Public Servant,AO8 and Above,Central Office,Other,Permanent Full-time,False,False,False,False,False,False,False,True,True,False,False,False,False,False,False,True,False,False,Female,41-45,Yes,,,,,2012.0,15339 days 23:59:59.999997994,DETE
193,Resignation-Other reasons,2012,1995.0,2001.0,Teacher Aide,,Far North Queensland,,Permanent Full-time,False,False,True,False,False,False,False,False,False,False,False,False,False,False,True,False,False,False,Female,46-50,,,,,,2012.0,15339 days 23:59:59.999998005,DETE
196,Resignation-Other employer,2012,1989.0,2010.0,Technical Officer,,North Coast,,Permanent Full-time,True,False,False,False,False,False,False,False,False,False,False,False,False,False,False,False,False,False,Female,46-50,,,,,,2012.0,15339 days 23:59:59.999998011,DETE
197,Resignation-Other reasons,2012,,,Teacher Aide,,North Queensland,,Permanent Part-time,False,False,False,False,False,False,False,False,False,False,False,False,False,False,False,False,False,True,Female,46-50,,,,,,2012.0,,DETE
198,Resignation-Other employer,2012,2005.0,2005.0,Public Servant,A01-A04,South East,,Permanent Full-time,False,False,False,True,False,False,True,False,False,False,False,False,False,False,False,False,False,False,Female,31-35,,,,,,2012.0,15339 days 23:59:59.999997995,DETE
205,Resignation-Other employer,2012,2008.0,2010.0,Public Servant,A01-A04,Central Office,Finance,Permanent Part-time,False,True,False,False,False,False,False,False,False,False,False,False,False,False,False,False,False,False,Female,21-25,,,,,,2012.0,15339 days 23:59:59.999997992,DETE
206,Resignation-Other reasons,2012,2006.0,2006.0,Teacher Aide,,North Queensland,,Permanent Part-time,False,False,False,False,False,False,False,False,False,False,False,False,False,False,False,True,False,False,Female,36-40,,,,,,2012.0,15339 days 23:59:59.999997994,DETE
211,Resignation-Move overseas/interstate,2012,2007.0,2007.0,Professional Officer,PO1-PO4,North Coast,,Permanent Part-time,False,False,False,False,False,False,False,False,False,False,False,True,False,False,False,False,False,False,Female,51-55,,,,,,2012.0,15339 days 23:59:59.999997993,DETE
213,Resignation-Other reasons,2012,1986.0,1997.0,Teacher,Secondary,Metropolitan,,Permanent Part-time,False,False,False,True,False,False,False,False,False,False,False,False,False,False,False,False,True,False,Male,61 or older,,,,,,2012.0,15339 days 23:59:59.999998014,DETE
215,Resignation-Other reasons,2012,1999.0,2011.0,School Administrative Staff,,Darling Downs South West,,Permanent Part-time,False,False,False,False,False,False,False,False,False,False,False,False,False,False,False,False,False,False,Female,,,,,,,2012.0,15339 days 23:59:59.999998001,DETE
224,Resignation-Other reasons,2012,1996.0,2006.0,Teacher,Primary,Metropolitan,,Permanent Full-time,False,False,True,False,True,False,False,True,False,False,False,False,False,False,False,False,False,False,,51-55,,,,,,2012.0,15339 days 23:59:59.999998004,DETE
225,Resignation-Other reasons,2012,2009.0,2009.0,Teacher,Secondary,,,Permanent Full-time,False,False,False,False,False,False,False,False,False,False,False,False,False,False,False,True,True,False,Female,36-40,,,,,,2012.0,15339 days 23:59:59.999997991,DETE
229,Resignation-Other reasons,2012,1994.0,2012.0,Cleaner,Primary,South East,,Permanent Part-time,False,False,False,False,False,False,False,False,False,False,True,True,False,False,False,True,False,False,Male,56-60,,,,,,2012.0,15339 days 23:59:59.999998006,DETE
236,Resignation-Move overseas/interstate,2012,2009.0,2009.0,Technical Officer,,Central Queensland,,Permanent Full-time,False,False,False,False,False,False,False,False,False,False,False,True,True,False,False,False,False,False,Female,21-25,,,,,,2012.0,15339 days 23:59:59.999997991,DETE
248,Resignation-Move overseas/interstate,2013,2007.0,2007.0,"School Based Professional Staff (Therapist, nurse, etc)",PO1-PO4,South East,,Permanent Full-time,False,False,False,False,False,False,False,False,False,False,False,True,True,False,False,False,False,False,Female,26-30,,,,,,2013.0,15705 days 23:59:59.999997993,DETE
249,Resignation-Move overseas/interstate,2012,2011.0,2011.0,Teacher,Primary,Far North Queensland,,Temporary Full-time,False,False,False,False,False,False,False,False,False,False,False,True,False,False,False,False,False,False,Male,31-35,,,,,,2012.0,15339 days 23:59:59.999997989,DETE
251,Resignation-Other reasons,2013,2006.0,2006.0,Teacher,Primary,,,Permanent Full-time,False,False,False,False,False,False,False,False,True,False,False,False,True,False,False,False,False,False,Male,26-30,,,,,,2013.0,15705 days 23:59:59.999997994,DETE
255,Resignation-Other reasons,2012,2000.0,2012.0,Teacher,Secondary,Central Queensland,,Permanent Part-time,False,True,False,False,False,False,False,False,False,False,True,False,False,False,False,True,False,False,Female,31-35,,,,,,2012.0,15339 days 23:59:59.999998,DETE
256,Resignation-Other employer,2012,2008.0,2012.0,Cleaner,,South East,,Permanent Part-time,False,True,False,False,False,False,False,True,False,False,False,False,False,False,False,False,False,False,Female,46-50,,,,,,2012.0,15339 days 23:59:59.999997992,DETE
257,Resignation-Move overseas/interstate,2012,2005.0,2005.0,Teacher Aide,,,,Permanent Part-time,False,False,False,False,False,False,False,False,True,False,False,False,False,False,False,False,False,False,Female,46-50,,,,,,2012.0,15339 days 23:59:59.999997995,DETE
258,Resignation-Other reasons,2012,2012.0,2012.0,Public Servant,A01-A04,Darling Downs South West,,Temporary Part-time,False,False,False,False,False,False,False,False,False,False,False,False,False,False,False,False,False,True,Female,21-25,,,,,,2012.0,15339 days 23:59:59.999997988,DETE
259,Resignation-Other employer,2012,2007.0,2007.0,Teacher,Secondary,Central Office,Education Queensland,Permanent Full-time,False,True,False,False,False,False,True,False,False,True,False,False,False,False,False,False,False,False,Female,26-30,,,,,,2012.0,15339 days 23:59:59.999997993,DETE
260,Resignation-Move overseas/interstate,2012,2008.0,2008.0,Schools Officer,,Metropolitan,,Permanent Full-time,False,False,False,True,False,False,True,False,False,True,False,False,False,False,False,False,False,False,Male,41-45,,,,,,2012.0,15339 days 23:59:59.999997992,DETE
263,Resignation-Move overseas/interstate,2013,2011.0,2011.0,Teacher,Secondary,South East,,Permanent Full-time,False,True,False,False,False,False,False,False,False,False,False,True,False,False,False,True,False,False,Male,36-40,,,,,,2013.0,15705 days 23:59:59.999997989,DETE
264,Resignation-Move overseas/interstate,2013,2009.0,2012.0,Teacher,Special Education,North Queensland,,Permanent Full-time,False,False,False,False,False,False,False,False,False,False,False,True,False,False,False,False,False,False,Female,21-25,,,,,,2013.0,15705 days 23:59:59.999997991,DETE
265,Resignation-Other reasons,2012,2011.0,2011.0,School Administrative Staff,,Darling Downs South West,,Permanent Part-time,False,False,False,False,False,False,False,False,False,False,True,False,False,False,False,False,False,False,Female,20 or younger,Yes,,,,,2012.0,15339 days 23:59:59.999997989,DETE
268,Resignation-Other employer,2012,2011.0,2011.0,Cleaner,,Darling Downs South West,,Permanent Part-time,False,False,False,False,False,False,False,False,False,False,True,False,False,False,False,False,False,False,Female,36-40,,,,,,2012.0,15339 days 23:59:59.999997989,DETE
269,Resignation-Move overseas/interstate,2012,2011.0,2012.0,Teacher,Secondary,Central Queensland,,Permanent Full-time,False,False,False,False,False,False,False,False,False,False,True,True,True,False,False,False,False,False,Female,31-35,,,,,,2012.0,15339 days 23:59:59.999997989,DETE
270,Resignation-Other reasons,2012,2010.0,2010.0,Teacher,Secondary,Central Queensland,,Permanent Full-time,False,False,False,False,False,False,False,False,False,False,False,False,False,False,False,False,False,True,Female,26-30,,,,,,2012.0,15339 days 23:59:59.999997990,DETE
274,Resignation-Other reasons,2012,1991.0,2007.0,Teacher,Primary,Central Queensland,,Permanent Part-time,False,False,False,False,False,False,False,False,False,False,False,False,False,False,False,False,False,True,Female,56-60,,,,,,2012.0,15339 days 23:59:59.999998009,DETE
275,Resignation-Other employer,2013,2011.0,2011.0,Public Servant,A01-A04,,,Temporary Part-time,False,True,False,False,False,False,False,False,False,False,False,False,False,False,False,False,False,False,Female,36-40,,,,,,2013.0,15705 days 23:59:59.999997989,DETE
280,Resignation-Other reasons,2012,1992.0,1992.0,Cleaner,,,,Permanent Part-time,False,False,True,False,True,False,False,False,False,False,False,False,False,True,False,False,False,False,Female,61 or older,,,,,,2012.0,15339 days 23:59:59.999998008,DETE
284,Resignation-Other employer,2012,2007.0,2007.0,Teacher,Secondary,North Coast,,Permanent Full-time,False,True,False,False,False,False,False,False,False,True,False,False,False,False,False,False,False,False,Female,26-30,,,,,,2012.0,15339 days 23:59:59.999997993,DETE
285,Resignation-Other employer,2012,2007.0,2008.0,Teacher,Secondary,North Coast,,Permanent Full-time,False,True,False,False,False,False,False,False,True,False,False,False,False,False,False,False,False,False,Female,31-35,,,,,,2012.0,15339 days 23:59:59.999997993,DETE
286,Resignation-Move overseas/interstate,2012,2012.0,2012.0,Cleaner,,,,Permanent Full-time,False,False,False,False,False,False,False,False,False,False,False,True,False,False,False,False,False,False,Female,,,,,,,2012.0,15339 days 23:59:59.999997988,DETE
287,Resignation-Other employer,2012,2012.0,2012.0,Teacher Aide,,,,Permanent Part-time,False,True,False,False,False,False,False,False,False,False,False,False,False,False,False,False,False,False,Female,36-40,,,,,,2012.0,15339 days 23:59:59.999997988,DETE
289,Resignation-Move overseas/interstate,2013,,,Public Servant,AO5-AO7,Central Office,Education Queensland,Permanent Full-time,False,False,False,True,False,False,True,False,False,False,False,False,True,False,False,False,True,False,Female,26-30,,,,,,2013.0,,DETE
292,Resignation-Other employer,2013,,,Teacher Aide,,,,Permanent Part-time,False,True,False,False,False,False,False,False,False,False,False,False,False,False,False,False,False,False,Female,56-60,,,,,,2013.0,,DETE
294,Resignation-Move overseas/interstate,2012,,,Schools Officer,,South East,,Permanent Part-time,False,False,False,False,False,False,False,False,False,False,True,True,True,False,False,False,False,False,,61 or older,,,,,,2012.0,,DETE
296,Resignation-Move overseas/interstate,2012,1980.0,2003.0,Teacher,Special Education,Central Office,,Permanent Full-time,False,False,False,False,False,False,False,False,False,False,False,False,True,False,False,True,False,False,Female,51-55,,,,,,2012.0,15339 days 23:59:59.999998020,DETE
297,Resignation-Other employer,2012,2006.0,2009.0,Technical Officer,,North Coast,,Permanent Part-time,False,True,False,False,False,False,False,False,False,False,False,False,False,False,False,False,False,False,Male,41-45,,,,,,2012.0,15339 days 23:59:59.999997994,DETE
301,Resignation-Move overseas/interstate,2012,1996.0,1996.0,Teacher,Primary,Darling Downs South West,,Permanent Part-time,False,True,False,False,False,False,False,False,False,True,False,False,True,False,False,True,False,False,Female,51-55,,,,,,2012.0,15339 days 23:59:59.999998004,DETE
302,Resignation-Other employer,2012,,,School Administrative Staff,,,,Permanent Part-time,False,True,False,False,False,False,False,False,False,False,False,False,False,False,False,False,False,False,Female,46-50,,,,,,2012.0,,DETE
304,Resignation-Other reasons,2012,2005.0,2011.0,Cleaner,,South East,,Permanent Part-time,False,False,False,True,False,False,True,False,False,False,False,False,False,False,False,False,False,False,Male,51-55,,,,,,2012.0,15339 days 23:59:59.999997995,DETE
305,Resignation-Other employer,2013,2009.0,2009.0,Teacher,Secondary,Central Queensland,,Permanent Full-time,False,False,False,False,False,False,False,False,False,False,False,True,False,False,False,False,False,False,Male,46-50,,,,,,2013.0,15705 days 23:59:59.999997991,DETE
312,Resignation-Other employer,2013,2001.0,2007.0,Teacher,Secondary,North Queensland,,Permanent Full-time,False,False,False,True,True,False,False,False,False,False,False,False,False,False,False,False,False,False,Male,36-40,,,,,,2013.0,15705 days 23:59:59.999997999,DETE
313,Resignation-Other reasons,2013,1999.0,2012.0,Teacher,Primary,North Coast,,Permanent Part-time,False,False,False,False,False,True,False,False,False,False,True,False,False,False,False,False,True,False,Female,36-40,,,,,,2013.0,15705 days 23:59:59.999998001,DETE
315,Resignation-Other employer,2013,2001.0,2006.0,Teacher,Primary,,,Permanent Full-time,False,True,False,False,False,False,False,False,False,False,False,False,False,False,False,False,False,False,Female,36-40,,,,,,2013.0,15705 days 23:59:59.999997999,DETE
318,Resignation-Other employer,2012,1989.0,1989.0,Teacher,,Metropolitan,,Permanent Full-time,False,True,True,False,False,False,False,False,False,False,False,False,False,False,False,False,False,False,Male,41-45,,,,,,2012.0,15339 days 23:59:59.999998011,DETE
319,Resignation-Other reasons,2012,2012.0,2012.0,School Administrative Staff,,North Queensland,,Permanent Part-time,False,False,False,True,False,False,False,False,False,False,False,False,False,False,False,True,True,False,Female,46-50,,,,,,2012.0,15339 days 23:59:59.999997988,DETE
321,Resignation-Other reasons,2012,2011.0,2011.0,Cleaner,,Metropolitan,,Permanent Part-time,False,False,False,False,False,False,False,False,False,False,False,False,False,False,False,True,False,False,Female,26-30,,,,,,2012.0,15339 days 23:59:59.999997989,DETE
323,Resignation-Other employer,2013,2007.0,2007.0,Teacher,Middle,Metropolitan,,Permanent Full-time,False,True,False,False,True,False,False,False,True,False,False,False,False,False,False,False,False,False,Male,26-30,,,,,,2013.0,15705 days 23:59:59.999997993,DETE
325,Resignation-Other reasons,2012,2011.0,2011.0,Teacher Aide,,South East,,Permanent Part-time,False,False,False,False,False,False,False,False,False,False,False,False,True,False,False,False,False,False,Female,21-25,,,,,,2012.0,15339 days 23:59:59.999997989,DETE
326,Resignation-Other employer,2012,2000.0,2004.0,Teacher Aide,,Darling Downs South West,,Permanent Part-time,False,False,False,False,False,False,False,False,False,False,False,False,False,False,False,False,False,True,Female,46-50,,,,,,2012.0,15339 days 23:59:59.999998,DETE
327,Resignation-Other reasons,2012,2008.0,2008.0,Cleaner,,North Queensland,,Permanent Full-time,False,False,False,False,False,False,False,False,False,False,False,False,False,False,False,False,False,True,Female,36-40,,,,,Yes,2012.0,15339 days 23:59:59.999997992,DETE
333,Resignation-Other reasons,2012,2011.0,2011.0,Cleaner,,,,Permanent Full-time,False,False,True,False,False,False,False,False,False,False,False,True,False,False,False,True,False,False,Female,21-25,,,,,,2012.0,15339 days 23:59:59.999997989,DETE
334,Resignation-Other employer,2012,2012.0,2012.0,School Administrative Staff,,South East,,Temporary Part-time,False,False,False,False,False,False,False,True,False,False,False,False,False,False,False,False,False,False,Female,51-55,,,,,,2012.0,15339 days 23:59:59.999997988,DETE
341,Resignation-Other reasons,2013,2005.0,2012.0,Teacher,Primary,North Coast,,Permanent Full-time,False,False,False,False,False,False,False,False,True,False,True,False,False,False,False,True,False,False,Male,26-30,,,,,,2013.0,15705 days 23:59:59.999997995,DETE
344,Resignation-Other employer,2012,,,School Administrative Staff,,Metropolitan,,Permanent Part-time,False,False,False,False,False,False,False,False,False,False,False,False,False,False,False,False,False,True,Female,41-45,,,,,Yes,2012.0,,DETE
346,Resignation-Other employer,2012,1988.0,1988.0,Teacher,Primary,Metropolitan,,Permanent Full-time,False,False,False,False,False,False,False,False,False,False,False,False,False,False,False,True,False,False,Female,41-45,,,,,,2012.0,15339 days 23:59:59.999998012,DETE
348,Resignation-Other employer,2012,2008.0,2008.0,Head of Curriculum/Head of Special Education,,North Queensland,,Permanent Full-time,False,True,False,False,False,False,False,False,False,False,False,False,False,False,False,False,False,False,Female,36-40,,,,,Yes,2012.0,15339 days 23:59:59.999997992,DETE
349,Resignation-Other reasons,2013,1980.0,1999.0,Teacher,Secondary,,,Permanent Part-time,False,False,False,False,False,False,False,False,False,False,False,False,False,False,False,True,True,False,Male,56-60,,,,,,2013.0,15705 days 23:59:59.999998020,DETE
355,Resignation-Other employer,2013,2007.0,2007.0,Teacher,Secondary,Metropolitan,,Permanent Full-time,False,True,False,False,False,False,False,False,False,False,False,True,False,False,False,False,True,False,Male,26-30,,,,,,2013.0,15705 days 23:59:59.999997993,DETE
356,Resignation-Other reasons,2013,1992.0,1992.0,Teacher Aide,,,,Permanent Part-time,False,False,False,False,False,False,False,False,False,False,False,False,False,False,False,False,False,True,Female,56-60,,,,,,2013.0,15705 days 23:59:59.999998008,DETE
357,Resignation-Move overseas/interstate,2013,2003.0,2011.0,Teacher,Secondary,North Queensland,,Permanent Part-time,False,False,False,False,False,False,False,False,False,False,False,False,True,False,False,False,False,False,Female,31-35,,,,,,2013.0,15705 days 23:59:59.999997997,DETE
366,Resignation-Other reasons,2012,,,Teacher,Secondary,Metropolitan,,Permanent Full-time,False,False,False,False,False,False,False,False,False,False,False,False,False,False,False,False,False,True,Male,26-30,,,,,,2012.0,,DETE
367,Resignation-Move overseas/interstate,2013,2010.0,2010.0,Teacher,Secondary,South East,,Permanent Full-time,False,True,False,False,False,False,True,False,False,False,False,False,False,False,False,False,False,False,Male,21-25,,,,,,2013.0,15705 days 23:59:59.999997990,DETE
368,Resignation-Move overseas/interstate,2013,2012.0,2012.0,Teacher,Secondary,Darling Downs South West,,Permanent Full-time,False,False,False,False,False,False,False,False,False,False,False,True,True,False,False,True,False,False,Female,21-25,,,,,,2013.0,15705 days 23:59:59.999997988,DETE
372,Resignation-Other reasons,2012,2012.0,2012.0,Teacher Aide,,Central Queensland,,Permanent Full-time,False,False,False,False,False,False,False,False,False,False,False,False,True,False,False,False,False,False,Female,36-40,,,,,,2012.0,15339 days 23:59:59.999997988,DETE
375,Resignation-Other employer,2012,1992.0,1992.0,Teacher,Secondary,Darling Downs South West,,Permanent Full-time,False,False,False,False,False,False,False,False,False,False,True,False,False,False,False,False,False,False,Female,41-45,,,,,,2012.0,15339 days 23:59:59.999998008,DETE
376,Resignation-Other reasons,2012,1999.0,1999.0,Teacher Aide,,,,Permanent Full-time,False,False,False,False,False,False,False,True,False,False,False,False,False,False,False,False,False,False,Female,46-50,,,,,,2012.0,15339 days 23:59:59.999998001,DETE
377,Resignation-Move overseas/interstate,2012,2007.0,2007.0,Teacher Aide,,,,Permanent Part-time,False,False,False,False,False,False,False,False,False,False,True,False,False,False,False,False,False,False,Female,46-50,,,,,,2012.0,15339 days 23:59:59.999997993,DETE
378,Resignation-Other employer,2012,1990.0,,Teacher Aide,,,,Permanent Part-time,False,False,False,True,False,False,True,True,False,False,False,False,False,False,False,False,False,False,Female,46-50,,,,,,2012.0,15339 days 23:59:59.999998010,DETE
380,Resignation-Move overseas/interstate,2012,,,Teacher,Primary,Darling Downs South West,,Permanent Part-time,False,True,False,False,False,False,False,False,False,False,False,False,False,False,False,False,False,False,Female,26-30,,,,,,2012.0,,DETE
382,Resignation-Other employer,2013,2008.0,2008.0,Teacher,Secondary,,,Permanent Full-time,False,True,False,False,False,True,True,False,False,False,False,False,False,False,False,False,False,False,Female,26-30,,,,,,2013.0,15705 days 23:59:59.999997992,DETE
384,Resignation-Move overseas/interstate,2012,1994.0,1996.0,Teacher,Special Education,Metropolitan,,Permanent Full-time,False,False,False,False,False,False,False,False,False,False,False,True,False,False,False,False,False,False,Female,56-60,,,,,,2012.0,15339 days 23:59:59.999998006,DETE
389,Resignation-Move overseas/interstate,2013,2007.0,2007.0,Teacher,Secondary,,,Permanent Full-time,True,False,False,False,False,False,False,False,False,False,False,False,False,False,False,False,False,False,Female,46-50,,,,,,2013.0,15705 days 23:59:59.999997993,DETE
390,Resignation-Other employer,2013,1985.0,1999.0,Teacher,Secondary,Central Queensland,,Permanent Full-time,True,False,False,False,False,False,False,False,False,False,False,False,False,False,False,True,False,False,Female,46-50,,,,,,2013.0,15705 days 23:59:59.999998015,DETE
391,Resignation-Other employer,2013,2000.0,200.0,Teacher,Secondary,Central Queensland,,Permanent Full-time,False,True,False,False,False,False,False,False,False,False,False,False,False,False,False,False,False,False,Female,46-50,,,,,,2013.0,15705 days 23:59:59.999998,DETE
392,Resignation-Other employer,2012,2007.0,2007.0,Teacher,Secondary,Darling Downs South West,,Permanent Full-time,False,True,True,True,False,False,False,False,False,False,False,False,False,False,False,False,False,False,Female,31-35,,,,,,2012.0,15339 days 23:59:59.999997993,DETE
399,Resignation-Other reasons,2012,1993.0,2011.0,Guidance Officer,,Darling Downs South West,,Permanent Part-time,False,False,False,False,False,False,False,False,True,False,True,True,False,False,False,False,False,False,Female,41-45,,,,,,2012.0,15339 days 23:59:59.999998007,DETE
400,Resignation-Other employer,2013,,,Cleaner,,,,,False,False,False,True,False,False,False,False,False,True,False,False,False,False,False,False,False,False,Male,56-60,,,,,,2013.0,,DETE
406,Resignation-Other reasons,2012,,,Teacher,Primary,,,,False,False,True,False,False,False,False,False,False,False,True,False,False,False,False,False,False,False,,,,,,,,2012.0,,DETE
407,Resignation-Other reasons,2013,1991.0,1992.0,Teacher Aide,,Darling Downs South West,,Permanent Part-time,False,False,False,False,False,False,True,False,False,False,False,False,False,True,True,False,False,False,Female,56-60,,,,,,2013.0,15705 days 23:59:59.999998009,DETE
408,Resignation-Move overseas/interstate,2013,,2011.0,Technical Officer,,Central Queensland,,Temporary Part-time,False,False,False,False,False,False,False,False,False,False,False,True,False,False,False,False,False,False,Male,61 or older,,,,,,2013.0,,DETE
409,Resignation-Other reasons,2012,2006.0,2006.0,Teacher,Primary,,,Permanent Full-time,False,True,True,True,True,True,True,False,True,True,True,True,False,False,False,True,False,False,Female,26-30,,,,,,2012.0,15339 days 23:59:59.999997994,DETE
410,Resignation-Other reasons,2012,,,Teacher Aide,,,,Permanent Part-time,False,False,False,False,False,False,False,False,False,False,True,False,False,False,False,False,False,False,Female,36-40,,,,,,2012.0,,DETE
411,Resignation-Other reasons,2013,2008.0,2008.0,Teacher,Primary,Central Queensland,,Permanent Full-time,False,False,False,False,False,False,False,False,False,False,False,False,False,False,False,False,False,True,Female,26-30,,,,,,2013.0,15705 days 23:59:59.999997992,DETE
413,Resignation-Other reasons,2013,2008.0,2009.0,Cleaner,,,,Permanent Full-time,False,False,False,False,False,False,False,False,False,False,False,False,False,True,False,False,False,False,Female,41-45,,,,,,2013.0,15705 days 23:59:59.999997992,DETE
415,Resignation-Other employer,2013,1997.0,2009.0,Teacher,Primary,Darling Downs South West,,Permanent Full-time,True,False,False,False,False,False,False,False,False,False,False,False,False,False,False,False,False,False,Female,41-45,,,,,,2013.0,15705 days 23:59:59.999998003,DETE
416,Resignation-Move overseas/interstate,2013,2011.0,2013.0,Teacher,Primary,Central Queensland,,Permanent Full-time,True,False,True,False,False,False,False,False,False,False,False,False,False,False,False,False,False,False,Male,26-30,,,,,,2013.0,15705 days 23:59:59.999997989,DETE
417,Resignation-Other reasons,2012,1963.0,1989.0,Teacher,Special Education,Metropolitan,,Permanent Full-time,False,False,False,False,False,False,False,False,False,False,False,False,False,True,True,False,False,False,Female,61 or older,,,,,,2012.0,15339 days 23:59:59.999998037,DETE
418,Resignation-Other reasons,2013,2008.0,2011.0,Teacher Aide,Primary,South East,,Permanent Part-time,False,True,False,False,False,False,False,False,False,False,False,False,False,False,False,True,True,False,Female,41-45,,,,,,2013.0,15705 days 23:59:59.999997992,DETE
420,Resignation-Other reasons,2013,2012.0,2012.0,Teacher Aide,,North Queensland,,Temporary Part-time,False,False,False,False,False,False,False,False,True,False,False,False,False,False,False,False,False,False,Female,41-45,,,,Yes,,2013.0,15705 days 23:59:59.999997988,DETE
424,Resignation-Other employer,2013,2008.0,2012.0,Head of Curriculum/Head of Special Education,,North Queensland,,Permanent Full-time,False,False,False,False,False,False,False,False,False,False,False,True,False,False,False,False,False,False,Male,31-35,,,,,,2013.0,15705 days 23:59:59.999997992,DETE
433,Resignation-Move overseas/interstate,2013,2008.0,2010.0,Technical Officer,,Central Office,,Permanent Full-time,False,False,False,True,True,False,True,True,False,True,False,False,False,False,False,False,True,False,Female,26-30,,,,,,2013.0,15705 days 23:59:59.999997992,DETE
434,Resignation-Other reasons,2013,1993.0,2002.0,Teacher,Primary,North Queensland,,Permanent Part-time,False,False,False,False,True,False,False,False,False,True,False,False,False,False,False,False,True,False,Female,46-50,,,,,,2013.0,15705 days 23:59:59.999998007,DETE
435,Resignation-Other reasons,2013,2006.0,2010.0,Head of Curriculum/Head of Special Education,,Central Queensland,,Permanent Full-time,False,True,False,False,False,False,False,False,False,False,False,True,False,False,False,False,True,False,Female,26-30,,,,,,2013.0,15705 days 23:59:59.999997994,DETE
438,Resignation-Other reasons,2013,2002.0,2002.0,Teacher,Special Education,Darling Downs South West,,Permanent Full-time,False,False,False,True,False,False,False,False,False,False,False,False,True,True,False,False,False,False,Female,31-35,,,,Yes,,2013.0,15705 days 23:59:59.999997998,DETE
439,Resignation-Other employer,2013,,,Teacher,Secondary,North Queensland,,Permanent Full-time,True,False,False,False,False,False,False,False,False,False,False,True,False,False,False,False,False,False,Female,21-25,,,,,,2013.0,,DETE
440,Resignation-Other reasons,2012,1992.0,2009.0,Teacher Aide,,South East,,Permanent Full-time,False,False,False,False,True,False,True,False,False,False,False,False,False,False,True,False,False,False,Female,56-60,,,,,,2012.0,15339 days 23:59:59.999998008,DETE
442,Resignation-Other reasons,2013,2010.0,2010.0,Teacher Aide,,North Queensland,,Permanent Part-time,False,False,False,False,False,False,False,False,False,False,False,False,False,False,False,False,False,True,Female,31-35,,,,,,2013.0,15705 days 23:59:59.999997990,DETE
450,Resignation-Other employer,2012,,,Teacher,Primary,South East,,Permanent Full-time,False,False,False,False,True,False,False,False,False,True,False,False,False,False,False,False,False,False,Male,36-40,,,,,,2012.0,,DETE
452,Resignation-Other reasons,2013,2009.0,2012.0,Teacher Aide,,Metropolitan,,Permanent Part-time,False,False,False,False,False,False,False,False,False,False,False,True,False,False,False,False,False,False,Female,21-25,,,,,,2013.0,15705 days 23:59:59.999997991,DETE
453,Resignation-Move overseas/interstate,2013,1991.0,2007.0,Head of Curriculum/Head of Special Education,,,,Permanent Full-time,False,False,False,False,False,False,False,False,False,False,False,False,False,False,False,False,False,True,Female,41-45,,,,,,2013.0,15705 days 23:59:59.999998009,DETE
455,Resignation-Move overseas/interstate,2013,2013.0,2013.0,Public Servant,A01-A04,Central Office,Human Resources,Permanent Full-time,False,False,False,False,False,False,False,False,False,False,False,True,False,False,False,True,False,False,Female,56-60,,,,,,2013.0,15705 days 23:59:59.999997987,DETE
457,Resignation-Other reasons,2013,2013.0,2013.0,Teacher,Primary,,,Permanent Full-time,False,False,False,False,False,False,False,False,False,False,False,False,False,False,False,True,False,False,Female,21-25,,,,,,2013.0,15705 days 23:59:59.999997987,DETE
460,Resignation-Move overseas/interstate,2012,2011.0,2013.0,Public Servant,AO5-AO7,Central Office,Information and Technologies,Temporary Full-time,False,True,False,False,False,False,False,False,False,False,False,False,False,False,False,False,False,False,Female,36-40,,,,,,2012.0,15339 days 23:59:59.999997989,DETE
462,Resignation-Other reasons,2013,2010.0,2010.0,Teacher Aide,,,,Permanent Part-time,False,True,False,False,False,False,False,False,False,False,False,False,False,False,False,False,False,False,Female,51-55,,,,,,2013.0,15705 days 23:59:59.999997990,DETE
465,Resignation-Other employer,2013,2002.0,2002.0,Teacher,Primary,,,Permanent Part-time,False,False,False,False,False,False,False,True,False,False,False,False,False,False,False,False,False,False,Female,36-40,,,,,,2013.0,15705 days 23:59:59.999997998,DETE
467,Resignation-Other reasons,2013,2000.0,2013.0,Teacher,Secondary,Metropolitan,,Permanent Part-time,False,False,False,False,False,False,False,False,False,False,True,False,False,False,False,True,False,False,Female,41-45,,,,,,2013.0,15705 days 23:59:59.999998,DETE
471,Resignation-Other reasons,2013,1990.0,2013.0,Teacher,Primary,North Queensland,,Permanent Full-time,False,False,False,False,False,False,False,False,False,False,False,False,False,True,True,True,False,False,Female,46-50,,,,Yes,,2013.0,15705 days 23:59:59.999998010,DETE
472,Resignation-Other reasons,2013,,,Teacher,Secondary,South East,,Permanent Part-time,False,False,True,False,False,False,False,False,False,False,False,False,False,False,False,False,True,False,Female,56-60,,,,,,2013.0,,DETE
474,Resignation-Other reasons,2013,1997.0,1997.0,Teacher,Primary,North Queensland,,Permanent Part-time,False,False,False,True,True,False,True,False,False,False,False,False,False,False,False,True,False,False,Female,51-55,,,,,,2013.0,15705 days 23:59:59.999998003,DETE
477,Resignation-Other reasons,2013,2008.0,2011.0,Teacher,Secondary,Metropolitan,,Casual,False,False,False,False,False,False,False,False,False,False,False,False,False,False,False,True,False,False,Male,51-55,,,,,Yes,2013.0,15705 days 23:59:59.999997992,DETE
478,Resignation-Move overseas/interstate,2013,2004.0,2004.0,Cleaner,,South East,,Permanent Full-time,False,False,False,False,False,False,False,False,False,False,False,False,False,False,False,False,False,True,Male,46-50,,,,,,2013.0,15705 days 23:59:59.999997996,DETE
479,Resignation-Other reasons,2013,2000.0,,Teacher,Primary,Darling Downs South West,,Permanent Part-time,False,False,False,False,False,False,False,False,False,False,False,False,False,False,False,False,False,True,Female,51-55,,,,,,2013.0,15705 days 23:59:59.999998,DETE
480,Resignation-Other reasons,2013,2013.0,2013.0,Teacher,Primary,Metropolitan,,Permanent Part-time,False,False,False,False,False,False,False,False,False,False,True,False,False,False,False,True,False,False,Female,26-30,Yes,,,,,2013.0,15705 days 23:59:59.999997987,DETE
482,Resignation-Other reasons,2012,1990.0,1990.0,Teacher Aide,,Central Queensland,,Permanent Part-time,False,False,False,False,False,False,False,False,False,False,False,False,False,False,False,True,False,False,Male,41-45,,,,,,2012.0,15339 days 23:59:59.999998010,DETE
486,Resignation-Move overseas/interstate,2012,2005.0,2010.0,Teacher Aide,,South East,,Permanent Part-time,False,False,False,False,False,False,False,False,False,False,False,True,False,False,False,False,False,False,Female,46-50,,,,,,2012.0,15339 days 23:59:59.999997995,DETE
487,Resignation-Other reasons,2013,1993.0,1993.0,Teacher,Primary,Darling Downs South West,,Permanent Part-time,False,False,False,False,False,False,False,False,False,False,True,False,False,False,False,False,False,False,Female,41-45,,,,,,2013.0,15705 days 23:59:59.999998007,DETE
490,Resignation-Other reasons,2012,,,Cleaner,,,,,False,False,False,False,False,False,False,False,False,False,False,False,False,False,False,False,False,True,Female,46-50,,,,,,2012.0,,DETE
493,Resignation-Other reasons,2013,1974.0,2008.0,Teacher,Special Education,Central Queensland,,Permanent Part-time,False,False,False,True,False,False,False,False,False,False,False,False,False,False,False,False,False,False,,61 or older,,,,,,2013.0,15705 days 23:59:59.999998026,DETE
495,Resignation-Other employer,2012,1988.0,1988.0,Cleaner,,Central Queensland,,Permanent Part-time,False,True,False,True,False,False,False,False,False,False,False,False,False,False,False,False,True,False,Female,56-60,,,,,,2012.0,15339 days 23:59:59.999998012,DETE
496,Resignation-Other reasons,2013,2012.0,2012.0,Cleaner,,Central Queensland,,Permanent Part-time,False,True,False,False,False,False,False,False,False,False,False,False,False,False,False,False,False,False,Female,46-50,,,,Yes,,2013.0,15705 days 23:59:59.999997988,DETE
498,Resignation-Move overseas/interstate,2013,2009.0,2009.0,Teacher,Primary,Far North Queensland,,Permanent Full-time,False,False,False,False,False,False,False,False,False,False,False,True,False,False,False,True,False,False,Male,36-40,,,,,,2013.0,15705 days 23:59:59.999997991,DETE
500,Resignation-Move overseas/interstate,2013,2013.0,2013.0,Public Servant,A01-A04,Central Office,Other,Temporary Full-time,False,False,False,False,False,False,False,False,False,False,True,True,False,False,False,False,False,False,Female,26-30,,,,,,2013.0,15705 days 23:59:59.999997987,DETE
501,Resignation-Other employer,2013,2002.0,2002.0,Teacher,Primary,Central Queensland,Education Queensland,Permanent Full-time,False,True,False,False,False,False,False,False,False,False,False,False,False,False,False,False,False,False,Female,31-35,,,,,,2013.0,15705 days 23:59:59.999997998,DETE
504,Resignation-Other reasons,2013,1972.0,2013.0,Teacher,Secondary,North Queensland,,Permanent Full-time,False,False,False,True,False,False,False,False,False,True,False,False,False,False,False,False,True,False,Male,61 or older,,,,,,2013.0,15705 days 23:59:59.999998028,DETE
505,Resignation-Move overseas/interstate,2013,2008.0,2011.0,Teacher,Secondary,South East,,Permanent Full-time,False,True,False,False,False,False,False,False,False,False,False,False,False,False,False,False,False,False,Male,36-40,,,,,,2013.0,15705 days 23:59:59.999997992,DETE
506,Resignation-Other reasons,2013,1989.0,,Teacher,Special Education,,,Permanent Full-time,False,False,False,False,False,False,False,False,False,False,True,False,False,False,False,True,False,False,Female,46-50,,,,,,2013.0,15705 days 23:59:59.999998011,DETE
507,Resignation-Other reasons,2013,2009.0,2010.0,Public Servant,A01-A04,North Coast,,Permanent Full-time,True,False,False,False,True,False,False,False,False,False,False,False,False,True,False,False,False,False,Female,21-25,,,,,,2013.0,15705 days 23:59:59.999997991,DETE
518,Resignation-Move overseas/interstate,2010,2007.0,2007.0,Teacher Aide,,Metropolitan,,Permanent Full-time,False,False,False,False,False,False,False,False,False,False,False,True,False,False,False,False,False,False,,31-35,,,,,,2010.0,14609 days 23:59:59.999997993,DETE
532,Resignation-Other reasons,2013,,,Cleaner,,Central Office,Education Queensland,Permanent Part-time,False,False,False,False,False,False,False,False,False,False,True,False,False,False,True,True,False,False,Female,56-60,,,,,,2013.0,,DETE
534,Resignation-Move overseas/interstate,2013,1999.0,2012.0,Public Servant,AO8 and Above,Central Office,Indigenous Education and Training Futures,Permanent Full-time,False,True,False,False,False,False,False,False,False,False,False,False,False,False,False,False,False,False,Male,36-40,Yes,,Yes,,,2013.0,15705 days 23:59:59.999998001,DETE
535,Resignation-Other reasons,2012,2008.0,2008.0,Cleaner,,North Coast,,Permanent Part-time,False,False,False,False,False,False,False,False,False,False,False,False,False,True,False,False,False,False,Female,56-60,,,,Yes,Yes,2012.0,15339 days 23:59:59.999997992,DETE
537,Resignation-Other reasons,2013,2007.0,2012.0,Teacher Aide,,Metropolitan,Education Queensland,Permanent Full-time,False,False,False,False,False,False,True,False,False,False,False,True,False,False,False,False,False,False,Female,46-50,,,,,,2013.0,15705 days 23:59:59.999997993,DETE
539,Resignation-Other reasons,2013,,,Teacher,Primary,Darling Downs South West,,Permanent Full-time,False,False,False,False,False,False,False,False,False,False,False,False,False,False,False,True,False,False,Male,26-30,,,,,,2013.0,,DETE
540,Resignation-Other reasons,2013,2007.0,2009.0,Public Servant,A01-A04,North Coast,,Permanent Full-time,False,False,False,False,False,False,False,False,False,False,False,True,False,False,False,False,False,False,Female,51-55,,,,,,2013.0,15705 days 23:59:59.999997993,DETE
542,Resignation-Other reasons,2013,1996.0,2012.0,Public Servant,A01-A04,South East,,Permanent Part-time,False,False,False,True,False,False,True,False,False,True,False,False,False,False,False,False,False,False,Female,41-45,,,,,,2013.0,15705 days 23:59:59.999998004,DETE
544,Resignation-Other employer,2013,2011.0,2011.0,Professional Officer,PO1-PO4,South East,,Permanent Full-time,True,False,False,False,False,False,False,False,False,False,True,False,False,False,False,False,False,False,Female,21-25,,,,,,2013.0,15705 days 23:59:59.999997989,DETE
548,Resignation-Other employer,2013,2010.0,2012.0,Teacher Aide,,Metropolitan,,Permanent Full-time,True,False,False,True,True,False,False,False,False,False,False,False,False,False,False,False,False,False,Female,41-45,,,,,,2013.0,15705 days 23:59:59.999997990,DETE
551,Resignation-Other reasons,2013,2000.0,2005.0,Teacher,Primary,South East,,Permanent Full-time,False,False,False,False,False,False,False,False,False,False,True,False,False,False,False,False,False,False,Male,36-40,,,,,,2013.0,15705 days 23:59:59.999998,DETE
552,Resignation-Move overseas/interstate,2013,2011.0,2011.0,Schools Officer,,Central Office,Education Queensland,Permanent Full-time,False,False,False,False,False,False,False,False,False,False,False,True,False,False,False,False,False,False,Male,41-45,,,,,,2013.0,15705 days 23:59:59.999997989,DETE
553,Resignation-Other reasons,2013,2005.0,2013.0,Teacher,Special Education,Central Queensland,,Permanent Part-time,False,False,False,False,True,False,False,False,False,False,False,False,False,False,False,True,True,False,Female,56-60,,,,,,2013.0,15705 days 23:59:59.999997995,DETE
558,Resignation-Move overseas/interstate,07/2013,2011.0,2011.0,Teacher,Middle,North Queensland,,Permanent Full-time,False,False,False,False,False,False,True,False,False,False,False,False,False,False,False,True,True,False,Female,21-25,,,,,,2013.0,15886 days 23:59:59.999997989,DETE
563,Resignation-Move overseas/interstate,06/2013,2012.0,2012.0,Cleaner,,Central Office,Education Queensland,Permanent Part-time,False,True,False,False,False,False,False,False,False,False,False,False,False,False,False,False,False,False,Female,41-45,,,,,,2013.0,15856 days 23:59:59.999997988,DETE
564,Resignation-Other reasons,06/2013,1990.0,2011.0,Teacher,Secondary,North Queensland,,Permanent Full-time,False,False,False,False,True,False,True,False,False,False,False,False,False,False,False,True,True,False,Female,41-45,,,,,,2013.0,15856 days 23:59:59.999998010,DETE
569,Resignation-Other reasons,06/2013,2000.0,,Teacher Aide,,Central Office,Education Queensland,Permanent Part-time,False,True,False,False,False,False,False,False,False,False,True,False,False,False,False,True,False,False,Female,46-50,,,,,,2013.0,15856 days 23:59:59.999998,DETE
570,Resignation-Other reasons,07/2013,2010.0,2010.0,Schools Officer,,North Queensland,,Permanent Full-time,False,False,False,False,False,False,False,False,False,False,False,False,False,False,False,True,False,False,Male,31-35,,,,,,2013.0,15886 days 23:59:59.999997990,DETE
572,Resignation-Other reasons,07/2013,1998.0,2008.0,Business Service Manager,,Darling Downs South West,,Permanent Full-time,True,False,False,False,False,False,False,False,False,False,False,False,False,False,False,False,False,False,Female,41-45,,,,,,2013.0,15886 days 23:59:59.999998002,DETE
576,Resignation-Other reasons,07/2013,2004.0,2005.0,Public Servant,AO5-AO7,Central Office,Education Queensland,Permanent Full-time,False,False,False,False,False,False,False,False,True,False,True,False,False,False,False,True,False,False,Female,31-35,,,,,,2013.0,15886 days 23:59:59.999997996,DETE
577,Resignation-Other reasons,06/2013,2004.0,,Teacher Aide,,,,Permanent Part-time,False,True,False,False,False,False,False,False,True,False,True,False,False,False,False,False,False,False,Female,26-30,,,,,,2013.0,15856 days 23:59:59.999997996,DETE
578,Resignation-Other employer,09/2013,1994.0,1998.0,Teacher,Primary,North Queensland,,Permanent Full-time,False,False,False,False,False,False,False,False,False,False,False,False,False,False,False,False,False,True,Female,36-40,,,,,,2013.0,15948 days 23:59:59.999998006,DETE
585,Resignation-Other employer,07/2013,2008.0,2008.0,School Administrative Staff,,,,Permanent Part-time,False,False,False,False,False,False,False,False,False,False,True,True,False,False,False,False,False,False,Female,51-55,,,,,,2013.0,15886 days 23:59:59.999997992,DETE
586,Resignation-Move overseas/interstate,06/2013,2012.0,2013.0,Teacher Aide,,,,Temporary Full-time,False,False,False,False,False,False,False,False,False,False,False,False,True,False,False,False,False,False,Female,21-25,,,,,,2013.0,15856 days 23:59:59.999997988,DETE
587,Resignation-Move overseas/interstate,09/2010,1999.0,2000.0,Teacher,Special Education,Darling Downs South West,,Permanent Part-time,False,False,False,False,False,False,False,False,False,False,False,True,True,False,False,False,False,False,Female,51-55,,,,,,2010.0,14852 days 23:59:59.999998001,DETE
589,Resignation-Other employer,06/2013,2011.0,2011.0,Other,,South East,,Temporary Part-time,False,False,False,False,False,False,False,False,False,True,False,False,False,False,False,False,False,False,Male,31-35,,,,,Yes,2013.0,15856 days 23:59:59.999997989,DETE
590,Resignation-Other reasons,09/2013,1985.0,1989.0,Other,,Metropolitan,,Permanent Full-time,False,False,True,False,False,False,False,False,False,False,False,False,False,False,True,False,True,False,Male,61 or older,,,,,Yes,2013.0,15948 days 23:59:59.999998015,DETE
591,Resignation-Other employer,01/2014,2005.0,2012.0,Public Servant,,Metropolitan,,Permanent Full-time,False,False,False,False,True,False,True,False,False,False,False,False,False,False,False,False,True,False,Female,31-35,,,,,,2014.0,16070 days 23:59:59.999997995,DETE
593,Resignation-Other reasons,06/2013,2001.0,2010.0,Cleaner,,North Queensland,,Permanent Part-time,False,False,False,False,False,False,False,False,False,False,False,False,False,False,False,False,False,True,Female,56-60,,,,,,2013.0,15856 days 23:59:59.999997999,DETE
594,Resignation-Other reasons,06/2013,2005.0,2009.0,Teacher,Secondary,,,Permanent Full-time,False,False,False,True,False,False,False,False,True,False,True,False,True,True,False,True,True,False,Female,36-40,,,,,,2013.0,15856 days 23:59:59.999997995,DETE
602,Resignation-Other employer,07/2013,2010.0,2010.0,Public Servant,AO5-AO7,Central Office,Other,Permanent Full-time,False,False,True,True,False,False,False,False,False,False,False,False,True,False,False,False,False,False,Female,26-30,,,,,,2013.0,15886 days 23:59:59.999997990,DETE
605,Resignation-Other reasons,07/2013,1996.0,1996.0,Schools Officer,,,,Permanent Part-time,False,False,False,False,False,False,False,False,False,False,False,False,False,True,False,False,False,False,Female,61 or older,,,,,,2013.0,15886 days 23:59:59.999998004,DETE
608,Resignation-Other reasons,06/2013,2004.0,2011.0,Teacher,Primary,,,Permanent Part-time,False,False,False,True,True,False,False,False,False,False,False,True,False,False,False,False,False,False,Female,31-35,,,,,,2013.0,15856 days 23:59:59.999997996,DETE
609,Resignation-Other reasons,07/2013,2004.0,2012.0,Teacher,Secondary,Far North Queensland,,Permanent Full-time,False,False,False,False,True,False,False,False,True,True,False,False,False,False,False,True,False,False,Female,31-35,,,,,,2013.0,15886 days 23:59:59.999997996,DETE
611,Resignation-Other reasons,06/2013,1989.0,1989.0,Teacher Aide,,South East,,Permanent Part-time,False,False,False,True,False,False,False,False,False,True,False,False,False,False,False,False,False,False,Female,61 or older,,,,,,2013.0,15856 days 23:59:59.999998011,DETE
613,Resignation-Other reasons,06/2013,1993.0,1999.0,Teacher,Primary,South East,,Permanent Part-time,False,False,False,False,False,False,False,False,False,False,False,False,False,True,False,False,False,False,Female,51-55,,,,,,2013.0,15856 days 23:59:59.999998007,DETE
614,Resignation-Move overseas/interstate,06/2013,2010.0,2010.0,Teacher Aide,,,,Permanent Part-time,False,False,False,False,False,False,False,False,False,False,False,True,False,False,False,False,False,False,Female,26-30,,,,,,2013.0,15856 days 23:59:59.999997990,DETE
618,Resignation-Other reasons,09/2013,1996.0,2008.0,Teacher,Secondary,North Queensland,,Permanent Part-time,False,False,False,True,False,False,True,False,False,True,False,False,False,False,True,False,True,False,Female,51-55,,,,,,2013.0,15948 days 23:59:59.999998004,DETE
620,Resignation-Other employer,06/2013,2003.0,2004.0,Teacher,Special Education,South East,,Permanent Part-time,False,True,False,False,False,False,False,False,False,False,False,False,False,False,False,False,False,False,Female,36-40,,,,,,2013.0,15856 days 23:59:59.999997997,DETE
622,Resignation-Other reasons,06/2013,1983.0,2012.0,Teacher,Primary,Central Queensland,,Permanent Part-time,False,False,False,False,True,False,False,False,False,False,True,False,False,False,False,False,False,False,Female,51-55,,,,,,2013.0,15856 days 23:59:59.999998017,DETE
624,Resignation-Move overseas/interstate,07/2013,2004.0,2007.0,Teacher,Special Education,Metropolitan,,Permanent Full-time,False,False,False,False,False,False,False,False,False,False,False,False,False,False,False,False,False,True,Female,56-60,,,,,,2013.0,15886 days 23:59:59.999997996,DETE
626,Resignation-Other reasons,05/2013,2011.0,2011.0,Cleaner,,Central Queensland,,Permanent Part-time,False,False,False,False,False,False,False,False,False,False,False,False,False,False,False,True,False,False,Female,41-45,,,,,,2013.0,15825 days 23:59:59.999997989,DETE
627,Resignation-Other reasons,05/2013,2010.0,2010.0,Public Servant,A01-A04,Central Office,Other,Permanent Part-time,False,True,False,True,False,False,False,False,False,False,False,False,True,False,False,False,False,False,Female,26-30,,,,,,2013.0,15825 days 23:59:59.999997990,DETE
632,Resignation-Other reasons,08/2013,2006.0,2008.0,Teacher Aide,,South East,,Permanent Part-time,False,False,False,False,False,True,False,False,False,True,False,False,False,True,False,False,False,False,Male,41-45,,,,Yes,,2013.0,15917 days 23:59:59.999997994,DETE
638,Resignation-Other reasons,09/2013,2013.0,2013.0,Teacher Aide,,Darling Downs South West,,Casual,False,False,False,False,False,False,False,False,False,False,False,False,True,False,False,False,False,False,Female,36-40,,,,,,2013.0,15948 days 23:59:59.999997987,DETE
642,Resignation-Move overseas/interstate,09/2013,2010.0,2010.0,"School Based Professional Staff (Therapist, nurse, etc)",,North Coast,,Permanent Part-time,False,False,False,False,False,False,False,False,False,False,False,True,False,False,False,False,False,False,Female,36-40,,,,,,2013.0,15948 days 23:59:59.999997990,DETE
643,Resignation-Move overseas/interstate,09/2013,2010.0,2010.0,Teacher Aide,,Metropolitan,,Permanent Part-time,False,False,False,False,False,False,False,False,False,False,False,True,False,False,False,False,False,False,Female,31-35,,,,,Yes,2013.0,15948 days 23:59:59.999997990,DETE
648,Resignation-Other reasons,09/2013,1992.0,1997.0,Technical Officer,,Darling Downs South West,,Permanent Full-time,False,False,False,False,False,False,False,False,False,False,False,False,False,True,False,False,False,False,Female,51-55,,,,,,2013.0,15948 days 23:59:59.999998008,DETE
650,Resignation-Other employer,09/2013,1995.0,2008.0,Teacher Aide,,South East,,Permanent Full-time,False,True,False,False,False,False,False,False,False,False,False,False,False,False,False,False,False,False,Female,51-55,,,,,,2013.0,15948 days 23:59:59.999998005,DETE
651,Resignation-Other employer,10/2013,1996.0,2003.0,Head of Curriculum/Head of Special Education,,North Coast,,Permanent Full-time,False,True,True,False,False,False,False,False,True,False,False,False,False,False,False,False,False,False,Female,61 or older,,,,,,2013.0,15978 days 23:59:59.999998004,DETE
652,Resignation-Other reasons,09/2013,2010.0,2012.0,Teacher,Primary,Central Queensland,,Permanent Full-time,False,False,False,False,False,False,False,False,False,False,False,False,False,False,False,True,True,False,Female,51-55,,,,,,2013.0,15948 days 23:59:59.999997990,DETE
653,Resignation-Move overseas/interstate,08/2013,1986.0,1993.0,Head of Curriculum/Head of Special Education,,South East,,Permanent Full-time,False,False,False,False,False,False,False,False,False,False,True,True,False,False,False,False,False,False,Female,61 or older,,,,,Yes,2013.0,15917 days 23:59:59.999998014,DETE
659,Resignation-Move overseas/interstate,09/2013,1971.0,2002.0,Teacher,Secondary,Metropolitan,,Temporary Full-time,False,False,False,False,False,False,False,False,False,False,False,True,False,False,False,False,False,False,,61 or older,,,,,,2013.0,15948 days 23:59:59.999998029,DETE
660,Resignation-Other reasons,08/2013,1998.0,,Teacher Aide,Primary,,,Permanent Full-time,False,False,False,False,False,False,False,False,False,False,False,False,False,False,False,False,False,False,Female,41-45,Yes,,,,,2013.0,15917 days 23:59:59.999998002,DETE
663,Resignation-Other reasons,09/2013,,,Teacher,Primary,Central Queensland,,Permanent Part-time,False,False,False,False,False,False,False,False,False,False,True,False,False,False,False,False,False,False,Female,46-50,,,,,,2013.0,,DETE
666,Resignation-Other employer,01/2014,1999.0,2013.0,Head of Curriculum/Head of Special Education,,North Coast,,Permanent Full-time,True,False,False,False,False,False,False,False,False,False,False,False,True,False,False,True,False,False,Male,46-50,,,,,,2014.0,16070 days 23:59:59.999998001,DETE
668,Resignation-Other employer,01/2014,2012.0,2013.0,Public Servant,A01-A04,Central Office,Information and Technologies,Temporary Full-time,False,True,False,False,False,False,False,False,False,False,False,False,False,False,False,False,False,False,Male,21-25,,,,,,2014.0,16070 days 23:59:59.999997988,DETE
669,Resignation-Other reasons,12/2013,2011.0,2011.0,Teacher Aide,,South East,,Permanent Part-time,False,False,False,False,False,False,False,False,False,False,False,True,False,False,False,False,False,False,Female,41-45,,,,,,2013.0,16039 days 23:59:59.999997989,DETE
671,Resignation-Move overseas/interstate,12/2013,2013.0,2013.0,"School Based Professional Staff (Therapist, nurse, etc)",,Metropolitan,,Temporary Full-time,False,True,False,True,False,False,False,False,False,False,False,False,False,False,False,False,False,False,Female,26-30,,,,,,2013.0,16039 days 23:59:59.999997987,DETE
672,Resignation-Move overseas/interstate,12/2013,2013.0,2013.0,"School Based Professional Staff (Therapist, nurse, etc)",,Metropolitan,,Temporary Full-time,False,False,False,False,False,False,False,False,False,False,False,False,True,False,False,False,False,False,Female,21-25,,,,,,2013.0,16039 days 23:59:59.999997987,DETE
673,Resignation-Other employer,12/2013,2009.0,2009.0,Teacher,Primary,North Coast,,Permanent Full-time,False,True,False,False,False,False,False,False,False,False,False,False,False,False,False,False,False,False,Female,41-45,,,,,,2013.0,16039 days 23:59:59.999997991,DETE
678,Resignation-Other employer,01/2014,2010.0,2011.0,Teacher,Secondary,Far North Queensland,,Permanent Full-time,False,True,False,False,False,False,True,False,False,False,False,False,False,False,False,False,False,False,Female,26-30,,,,,,2014.0,16070 days 23:59:59.999997990,DETE
680,Resignation-Move overseas/interstate,12/2013,2012.0,2012.0,,,Central Queensland,,Casual,False,False,False,False,False,False,False,False,False,False,False,True,False,False,False,False,False,False,Female,36-40,,,,,,2013.0,16039 days 23:59:59.999997988,DETE
684,Resignation-Other employer,11/2013,1988.0,1991.0,Teacher,Secondary,North Coast,,Permanent Full-time,False,False,False,False,False,False,False,False,False,False,False,False,False,False,False,False,False,False,,46-50,,,,,,2013.0,16009 days 23:59:59.999998012,DETE
685,Resignation-Other employer,,2011.0,2012.0,Teacher,Primary,Central Queensland,,Permanent Full-time,False,True,False,False,False,False,True,False,True,False,False,False,False,False,False,False,False,False,Male,21-25,,,,,,,,DETE
686,Resignation-Other employer,11/2013,2004.0,2004.0,Schools Officer,,South East,,Permanent Full-time,False,False,True,False,False,False,False,False,False,True,False,False,False,False,True,False,False,False,Female,46-50,,,,,,2013.0,16009 days 23:59:59.999997996,DETE
687,Resignation-Other employer,01/2014,1985.0,2010.0,Public Servant,AO8 and Above,Central Office,Corporate Strategy and Peformance,Permanent Full-time,False,False,False,False,False,False,False,False,False,False,False,False,False,False,False,False,False,False,Male,56-60,,,,,,2014.0,16070 days 23:59:59.999998015,DETE
689,Resignation-Other reasons,11/2013,2013.0,2013.0,Teacher Aide,,Darling Downs South West,,Permanent Part-time,True,False,False,False,False,False,False,False,False,False,False,False,False,False,False,False,False,False,Female,46-50,,,,,,2013.0,16009 days 23:59:59.999997987,DETE
692,Resignation-Move overseas/interstate,01/2014,2004.0,2004.0,Teacher,Secondary,South East,,Permanent Full-time,False,True,False,False,False,False,False,False,False,False,False,True,True,False,False,False,False,False,Female,31-35,,,,,,2014.0,16070 days 23:59:59.999997996,DETE
693,Resignation-Other employer,01/2014,1998.0,2013.0,Teacher,,Darling Downs South West,,Permanent Full-time,False,True,False,False,False,False,False,False,False,False,False,False,False,False,False,False,False,False,Female,36-40,,,,,,2014.0,16070 days 23:59:59.999998002,DETE
694,Resignation-Other reasons,12/2013,2012.0,2012.0,Teacher,Secondary,North Queensland,,Permanent Part-time,False,False,False,False,False,False,False,False,False,False,False,True,False,False,False,False,False,False,Female,21-25,,,,,,2013.0,16039 days 23:59:59.999997988,DETE
695,Resignation-Move overseas/interstate,01/2014,2010.0,2010.0,Teacher,Secondary,South East,,Permanent Full-time,False,False,False,False,False,False,False,False,False,False,False,True,False,False,False,False,False,False,Male,41-45,,,,,,2014.0,16070 days 23:59:59.999997990,DETE
696,Resignation-Other reasons,,2012.0,,Teacher Aide,,Metropolitan,,Casual,False,False,False,False,False,False,False,False,False,False,True,False,False,False,False,False,False,False,Female,46-50,,,,,,,,DETE
698,Resignation-Move overseas/interstate,10/2013,2008.0,2008.0,Teacher Aide,,Darling Downs South West,,Permanent Full-time,False,False,False,False,False,False,False,False,False,False,False,False,False,False,False,False,False,False,Male,26-30,Yes,,,,,2013.0,15978 days 23:59:59.999997992,DETE
700,Resignation-Other reasons,11/2013,2010.0,2010.0,Cleaner,,Central Queensland,,Permanent Part-time,False,False,False,False,False,False,False,False,False,False,False,False,False,False,False,True,False,False,Female,41-45,,,,,,2013.0,16009 days 23:59:59.999997990,DETE
702,Resignation-Other employer,11/2013,2007.0,2013.0,Other,,Central Office,Information and Technologies,Casual,True,False,False,False,False,False,False,False,False,False,False,False,False,False,False,False,False,False,Male,21-25,,,,,,2013.0,16009 days 23:59:59.999997993,DETE
703,Resignation-Other reasons,08/2013,1988.0,1988.0,Teacher,Primary,Central Queensland,,Permanent Part-time,False,True,False,False,False,False,False,False,False,False,False,False,False,False,False,False,False,False,Female,46-50,,,,,,2013.0,15917 days 23:59:59.999998012,DETE
705,Resignation-Move overseas/interstate,10/2013,2013.0,2013.0,Public Servant,A01-A04,Central Office,"Policy, Research, Legislation",Permanent Full-time,False,False,True,False,True,False,False,False,False,False,False,False,False,False,False,False,False,False,Female,51-55,,,,,,2013.0,15978 days 23:59:59.999997987,DETE
706,Resignation-Other reasons,,2006.0,2007.0,Teacher Aide,,Darling Downs South West,,Permanent Full-time,False,False,False,False,False,False,False,False,False,False,False,True,True,False,False,False,False,False,Female,41-45,,,,,,,,DETE
711,Resignation-Other employer,,,,Teacher,Primary,Central Office,Education Queensland,Permanent Full-time,False,True,False,False,False,False,False,False,False,False,False,False,False,False,False,True,True,False,Female,51-55,,,,,,,,DETE
714,Resignation-Other reasons,12/2013,,,Teacher Aide,,Metropolitan,,Permanent Part-time,False,False,False,False,False,False,False,False,False,False,True,False,False,False,False,False,False,False,Female,61 or older,,,,,,2013.0,,DETE
718,Resignation-Other reasons,12/2013,2000.0,2001.0,Teacher Aide,,Metropolitan,,Permanent Part-time,False,False,False,False,False,False,False,False,False,False,False,False,False,False,False,True,False,False,Female,51-55,,,,,,2013.0,16039 days 23:59:59.999998,DETE
726,Resignation-Other reasons,,1984.0,,Teacher,Primary,Darling Downs South West,,Permanent Full-time,False,False,False,False,False,False,False,False,False,False,False,False,True,False,False,False,False,False,Female,46-50,,,,,,,,DETE
728,Resignation-Other employer,01/2014,1975.0,1987.0,Head of Curriculum/Head of Special Education,,Far North Queensland,,Permanent Full-time,False,False,False,False,False,False,False,True,False,False,False,False,False,False,False,True,False,False,Male,56-60,,,,,,2014.0,16070 days 23:59:59.999998025,DETE
729,Resignation-Other reasons,01/2014,1980.0,2003.0,Teacher,Secondary,North Queensland,,Permanent Full-time,False,False,False,False,False,False,False,False,False,False,False,True,False,False,False,True,False,False,Female,51-55,,,,,,2014.0,16070 days 23:59:59.999998020,DETE
732,Resignation-Other employer,12/2013,1999.0,1999.0,Teacher Aide,,,,Permanent Part-time,False,False,False,False,False,False,False,True,False,False,False,False,False,False,False,False,False,False,Female,46-50,,,,,,2013.0,16039 days 23:59:59.999998001,DETE
733,Resignation-Other reasons,01/2014,1992.0,1997.0,Technical Officer,,Central Queensland,,Permanent Full-time,False,False,False,False,True,False,True,False,False,False,False,False,False,False,False,False,True,False,Male,56-60,,,,,,2014.0,16070 days 23:59:59.999998008,DETE
737,Resignation-Move overseas/interstate,10/2013,2006.0,,Cleaner,,Darling Downs South West,,Permanent Full-time,False,False,False,False,False,False,False,False,False,False,True,True,False,True,False,False,False,False,Female,61 or older,,,,,,2013.0,15978 days 23:59:59.999997994,DETE
739,Resignation-Other reasons,10/2013,1999.0,2004.0,Teacher,Special Education,South East,,Permanent Part-time,False,False,False,False,False,False,False,False,False,False,False,False,False,True,False,False,False,False,Male,56-60,,,,,,2013.0,15978 days 23:59:59.999998001,DETE
746,Resignation-Other employer,12/2013,1991.0,2004.0,Public Servant,A01-A04,Central Office,Information and Technologies,Permanent Full-time,False,False,False,False,False,False,False,False,True,False,False,False,False,False,False,False,False,False,Female,41-45,,,,,,2013.0,16039 days 23:59:59.999998009,DETE
749,Resignation-Move overseas/interstate,01/2014,2008.0,2008.0,Teacher,Primary,North Coast,,Permanent Full-time,False,False,False,False,False,False,False,False,False,False,True,True,False,False,False,False,False,False,Female,41-45,,,,,,2014.0,16070 days 23:59:59.999997992,DETE
753,Resignation-Other reasons,12/2013,2005.0,2005.0,Cleaner,,Central Office,Education Queensland,Permanent Part-time,False,False,False,True,False,False,False,False,False,False,False,False,False,False,False,False,False,False,Male,61 or older,,,,,,2013.0,16039 days 23:59:59.999997995,DETE
754,Resignation-Other reasons,11/2013,1998.0,,Teacher Aide,,Darling Downs South West,,Permanent Part-time,False,False,False,False,False,False,False,False,False,False,False,False,False,True,True,False,False,False,Female,46-50,,,,Yes,,2013.0,16009 days 23:59:59.999998002,DETE
755,Resignation-Other employer,11/2013,2004.0,2011.0,Teacher,Primary,Central Queensland,,Permanent Full-time,False,False,False,True,False,False,False,False,False,False,False,False,False,True,False,True,False,False,Female,31-35,,,,,,2013.0,16009 days 23:59:59.999997996,DETE
757,Resignation-Other employer,12/2013,2012.0,2013.0,Teacher,Primary,Central Queensland,,Permanent Part-time,False,False,False,False,False,False,False,False,False,False,False,False,False,False,False,False,False,True,Female,41-45,,,,,,2013.0,16039 days 23:59:59.999997988,DETE
764,Resignation-Other employer,07/2006,2006.0,2006.0,Teacher,Primary,Metropolitan,,Permanent Part-time,False,True,False,False,False,False,False,False,False,False,False,False,False,False,False,False,False,False,Female,41-45,,,,,,2006.0,13329 days 23:59:59.999997994,DETE
768,Resignation-Other employer,01/2014,2007.0,2007.0,Teacher,Primary,Metropolitan,,Permanent Full-time,False,True,False,False,False,False,False,False,False,False,False,False,False,False,False,False,False,False,Male,26-30,,,,,,2014.0,16070 days 23:59:59.999997993,DETE
771,Resignation-Other reasons,11/2013,2008.0,,Teacher Aide,,South East,,Permanent Full-time,False,False,False,False,False,False,False,False,False,False,False,False,False,True,False,False,False,False,Female,46-50,,,,,,2013.0,16009 days 23:59:59.999997992,DETE
772,Resignation-Other reasons,,1987.0,1987.0,Cleaner,,Darling Downs South West,,Permanent Part-time,False,False,False,False,False,False,False,False,False,False,False,False,False,False,False,False,False,True,Female,61 or older,,,,,,,,DETE
773,Resignation-Other employer,01/2014,2002.0,2007.0,Head of Curriculum/Head of Special Education,,Central Queensland,,Permanent Full-time,False,True,False,False,False,False,False,False,False,False,False,False,False,False,False,False,False,False,Male,36-40,,,,,,2014.0,16070 days 23:59:59.999997998,DETE
776,Resignation-Other employer,,2005.0,2005.0,Teacher Aide,,Central Queensland,,Permanent Part-time,False,False,False,False,False,False,False,False,False,False,False,False,False,False,False,False,False,True,Female,41-45,,,,,,,,DETE
786,Resignation-Other reasons,10/2013,2013.0,2013.0,Teacher,Secondary,Central Queensland,,Permanent Full-time,False,True,False,True,False,False,True,False,False,False,False,False,False,False,False,True,False,False,Female,21-25,,,,,,2013.0,15978 days 23:59:59.999997987,DETE
788,Resignation-Other employer,01/2014,1994.0,2008.0,Teacher,Secondary,Darling Downs South West,,Permanent Full-time,False,True,False,True,False,False,False,True,False,False,False,False,False,False,False,False,False,False,Female,41-45,,,,,,2014.0,16070 days 23:59:59.999998006,DETE
790,Resignation-Other employer,,1990.0,2010.0,Teacher,Secondary,Metropolitan,,Permanent Full-time,False,True,False,False,False,False,False,False,False,False,False,False,False,False,False,False,False,False,Female,41-45,,,,,,,,DETE
791,Resignation-Other reasons,01/2014,1983.0,1999.0,"School Based Professional Staff (Therapist, nurse, etc)",,Metropolitan,,Permanent Part-time,False,False,False,False,False,False,False,False,False,False,False,False,False,False,False,False,False,True,Female,51-55,,,,,,2014.0,16070 days 23:59:59.999998017,DETE
792,Resignation-Other reasons,01/2014,2008.0,2008.0,Teacher,Secondary,North Coast,,Permanent Full-time,False,False,False,False,False,False,True,False,False,True,False,False,False,False,False,False,True,False,Male,36-40,,,,,,2014.0,16070 days 23:59:59.999997992,DETE
793,Resignation-Other reasons,,2007.0,2007.0,Public Servant,A01-A04,Metropolitan,,Permanent Part-time,False,False,False,False,False,False,True,False,False,False,False,False,False,False,False,False,False,False,Female,46-50,,,,,,,,DETE
796,Resignation-Move overseas/interstate,11/2013,,,Cleaner,,,,Permanent Part-time,True,False,False,False,False,False,False,False,False,False,False,True,False,False,False,False,False,False,Female,36-40,,,,,,2013.0,,DETE
799,Resignation-Move overseas/interstate,,2000.0,2013.0,Public Servant,A01-A04,South East,,Permanent Part-time,False,False,False,False,False,False,False,False,False,False,True,True,False,False,False,False,False,False,Female,36-40,,,,,,,,DETE
800,Resignation-Move overseas/interstate,,1995.0,,Teacher Aide,,Darling Downs South West,,Permanent Part-time,False,False,False,False,False,False,False,False,False,False,False,False,False,False,False,False,False,False,Female,36-40,,,,,,,,DETE
804,Resignation-Move overseas/interstate,12/2013,,,Teacher Aide,,Metropolitan,,Permanent Part-time,False,False,False,False,False,False,False,False,False,False,False,True,False,False,False,False,False,False,,,,,,,,2013.0,,DETE
805,Resignation-Other employer,01/2014,2004.0,2007.0,Teacher,Primary,Darling Downs South West,,Permanent Full-time,False,True,False,False,False,False,False,False,False,False,False,False,False,False,False,False,False,False,Female,46-50,,,,,,2014.0,16070 days 23:59:59.999997996,DETE
806,Resignation-Other employer,01/2014,2008.0,2013.0,Teacher,Primary,Darling Downs South West,,Permanent Part-time,False,True,False,False,False,False,False,False,False,False,False,False,False,False,False,False,False,False,Female,26-30,,,,,,2014.0,16070 days 23:59:59.999997992,DETE
808,Resignation-Other employer,12/2013,2005.0,2005.0,Cleaner,,Central Queensland,,Permanent Part-time,False,False,False,False,False,False,False,False,False,False,False,True,False,False,False,False,False,False,Female,41-45,,,,,,2013.0,16039 days 23:59:59.999997995,DETE
809,Resignation-Other reasons,12/2013,2004.0,2004.0,Teacher,Primary,Central Queensland,,Permanent Full-time,False,False,False,False,True,False,False,False,False,False,False,False,False,False,False,True,False,False,Female,36-40,,,,,,2013.0,16039 days 23:59:59.999997996,DETE
810,Resignation-Other reasons,12/2013,2010.0,2010.0,Teacher Aide,,,,Permanent Part-time,False,False,False,False,False,False,False,False,False,False,True,False,False,False,False,False,False,False,Female,26-30,,,,,,2013.0,16039 days 23:59:59.999997990,DETE
817,Resignation-Other employer,01/2014,2012.0,2012.0,Teacher,Primary,Far North Queensland,,Permanent Full-time,False,True,False,False,False,False,False,False,False,False,False,False,False,False,False,False,False,False,Male,21-25,,,,,,2014.0,16070 days 23:59:59.999997988,DETE
818,Resignation-Move overseas/interstate,01/2014,2012.0,2012.0,Teacher,Secondary,North Coast,,Permanent Full-time,False,False,False,False,False,False,False,False,False,False,False,False,True,False,False,False,False,False,Female,21-25,,,,,,2014.0,16070 days 23:59:59.999997988,DETE
821,Resignation-Move overseas/interstate,01/2014,2009.0,2009.0,Public Servant,A01-A04,Central Office,Education Queensland,Permanent Full-time,False,False,False,False,False,False,False,False,False,False,True,True,False,False,False,True,False,False,Female,31-35,,,,,,2014.0,16070 days 23:59:59.999997991,DETE
823,Resignation-Move overseas/interstate,12/2013,,,Teacher Aide,,Metropolitan,,,False,False,False,False,False,False,False,False,False,False,False,False,False,False,False,False,False,False,,,,,,,,2013.0,,DETE
